{"learning_rate": 0.026856724851315267, "max_depth": 9, "min_child_weight": 1.031842367389796, "subsample": 0.6285263177212106, "colsample_bytree": 0.6829876369600623, "lambda": 0.6320592670392127, "alpha": 0.06366400961442036}